RewriteEngine On
RewriteBase /

# Enforce www
RewriteEngine On
RewriteCond %{HTTP_HOST} !^www\. [NC]
RewriteRule ^(.*)$ https://www.%{HTTP_HOST}/$1 [L,R=301]

Redirect 301 /porig-hy-html https://www.acnespecialisten.se/pormaskar.php
Redirect 301 /produkter.php https://dahlskincare.se/
Redirect 301 /webshop.aspx https://dahlskincare.se/
Redirect 301 /fotvard.html https://www.sverigesskonhetscenter.se/fotvard.php
Redirect 301 /fransar-bryn.html https://www.sverigesskonhetscenter.se/fransar-bryn.php
Redirect 301 /massage.html https://www.sverigesskonhetscenter.se/massage.php
Redirect 301 /rynkreducering\.html https://www.sverigesskonhetscenter.se/rynkreducering.php
Redirect 301 /thermaskin.html https://www.sverigesskonhetscenter.se/therma-skin.php
Redirect 301 /vaxning.html https://www.sverigesskonhetscenter.se/vaxning.php
Redirect 301 /behandlingsrutiner/kanslig-torr-hy.pdf https://www.dahlskincare.com/sv/behandlingsrutiner/br-kanslig-torr-hy.php
Redirect 301 /behandlingsrutiner/torr-eksem-hy.pdf https://www.dahlskincare.com/sv/behandlingsrutiner/br-torr-eksemhy.php
Redirect 301 /behandlingsrutiner/mycket-porig-hy.pdf https://www.dahlskincare.com/sv/behandlingsrutiner/br-mycket-pormaskar.php
Redirect 301 /behandlingsrutiner/svar-seborre.pdf https://www.dahlskincare.com/sv/behandlingsrutiner/br-seborre.php
Redirect 301 /behandlingsrutiner/Svar-acne.pdf https://www.dahlskincare.com/sv/behandlingsrutiner/br-svar-akne.php
Redirect 301 /behandlingsrutiner/latt-rosacea.pdf https://www.dahlskincare.com/sv/behandlingsrutiner/br-latt-rosacea.php
Redirect 301 /behandlingsrutiner/porig-hy.pdf https://www.dahlskincare.com/sv/behandlingsrutiner/br-pormaskar.php
Redirect 301 /behandlingsrutiner/kanslig-rosacea.pdf https://www.dahlskincare.com/sv/behandlingsrutiner/br-kanslig-rosacea.php
Redirect 301 /behandlingsrutiner/seborroiskt-eksem.pdf https://www.dahlskincare.com/sv/behandlingsrutiner/br-seborroiskt-eksem.php
Redirect 301 /behandlingsrutiner/mycket-torr-hy.pdf https://www.dahlskincare.com/sv/behandlingsrutiner/br-mycket-torr-hy.php
Redirect 301 /behandlingsrutiner/pigmentflackar.pdf https://www.dahlskincare.com/sv/behandlingsrutiner/br-pigmentflackar.php
Redirect 301 /behandlingsrutiner/mycket-fet-hy.pdf https://www.dahlskincare.com/sv/behandlingsrutiner/br-mycket-fet-hy.php
Redirect 301 /behandlingsrutiner/kanslig-fet-hy.pdf https://www.dahlskincare.com/sv/behandlingsrutiner/br-kanslig-fet-hy.php
Redirect 301 /behandlingsrutiner/svar-rosacea.pdf https://www.dahlskincare.com/sv/behandlingsrutiner/br-svar-rosacea.php
Redirect 301 /behandlingsrutiner/aldrande-hy.pdf https://www.dahlskincare.com/sv/produktpaket-aldrande-hy
Redirect 301 /behandlingsrutiner/solskadad-hy.pdf https://www.dahlskincare.com/sv/behandlingsrutiner/br-solskadad-hy.php
Redirect 301 /behandlingsrutiner/latt-seborre.pdf https://www.dahlskincare.com/sv/behandlingsrutiner/br-latt-seborre.php
Redirect 301 /behandlingsrutiner/latt-blandhy.pdf https://www.dahlskincare.com/sv/behandlingsrutiner/br-latt-blandhy.php
Redirect 301 /behandlingsrutiner/blandhy.pdf https://www.dahlskincare.com/sv/behandlingsrutiner/br-blandhy.php
Redirect 301 /behandlingsrutiner/torr-hy.pdf https://www.dahlskincare.com/sv/behandlingsrutiner/br-torr-hy.php
Redirect 301 /behandlingsrutiner/rosacea.pdf https://www.dahlskincare.com/sv/behandlingsrutiner/br-rosacea.php
Redirect 301 /behandlingsrutiner/latt-acne.pdf https://www.dahlskincare.com/sv/behandlingsrutiner/br-akne.php
Redirect 301 /behandlingsrutiner/milier.pdf https://www.dahlskincare.com/sv/behandlingsrutiner/br-milier.php
Redirect 301 /behandlingsrutiner/fet-hy.pdf https://www.dahlskincare.com/sv/behandlingsrutiner/br-fet-hy.php
Redirect 301 /behandlingsrutiner-latt-acne.php https://www.dahlskincare.com/sv/behandlingsrutiner/br-akne.php
Redirect 301 /kosmetisk-tatuering.php https://www.sverigesskonhetscenter.se/kosmetisk-tatuering.php
Redirect 301 /lp-micro-injector.php https://www.sverigesskonhetscenter.se/micro-injector.php
Redirect 301 /aterforsaljare.php https://www.acnespecialisten.se/index.php
Redirect 301 /acnespecialisten-certifikatet.php https://www.acnespecialisten.se/index.php
Redirect 301 /porig-hy.html https://www.acnespecialisten.se/pormaskar.php
Redirect 301 /porig-hy.php https://www.acnespecialisten.se/pormaskar.php
Redirect 301 /porig-hy.aspx https://www.acnespecialisten.se/pormaskar.php
Redirect 301 /porighy.aspx https://www.acnespecialisten.se/pormaskar.php
Redirect 301 /gratis-hud-konsultation.aspx https://www.acnespecialisten.se/gratis-hudkonsultation.php
Redirect 301 /finnar.aspx https://www.acnespecialisten.se/finnar.php
Redirect 301 /media.aspx https://www.acnespecialisten.se/index.php
Redirect 301 /media.php https://www.acnespecialisten.se/index.php
Redirect 301 /Fet-hy.aspx https://www.acnespecialisten.se/fet-hy.php
Redirect 301 /fet-hy-2.php https://www.acnespecialisten.se/fet-hy.php
Redirect 301 /fet-kanslig-hy.aspx https://www.acnespecialisten.se/fet-hy.php
Redirect 301 /kanslig-fet-hy.php https://www.acnespecialisten.se/fet-hy.php
Redirect 301 /kanslig-hy.php https://www.acnespecialisten.se/torr-hy.php
Redirect 301 /acnereducering.aspx https://www.acnespecialisten.se/acnebehandling.php
Redirect 301 /acnereducering.php https://www.acnespecialisten.se/acnebehandling.php
Redirect 301 /images/repotage-kt.pdf https://www.acnespecialisten.se/index.php
Redirect 301 /behandlingsrutiner.php https://www.acnespecialisten.se/index.php
Redirect 301 /torr-kanslig-hy.aspx https://www.acnespecialisten.se/torr-hy.php
Redirect 301 /kanslig-torr-hy.php https://www.acnespecialisten.se/torr-hy.php
Redirect 301 /latt-acne.aspx https://www.acnespecialisten.se/acne.php
Redirect 301 /milier2.aspx https://www.acnespecialisten.se/milier.php
Redirect 301 /publicerade-studier.php https://www.acnespecialisten.se/index.php
Redirect 301 /seborroiskt-eksem.aspx https://www.acnespecialisten.se/seborre.php
Redirect 301 /seborroiskt-eksem.php https://www.acnespecialisten.se/seborre.php
Redirect 301 /Svar-acne.aspx https://www.acnespecialisten.se/acne.php
Redirect 301 /svar-acne.php https://www.acnespecialisten.se/acne.php
Redirect 301 /rosacea-behandling.aspx https://www.acnespecialisten.se/rosaceabehandling.php
Redirect 301 /admin/dynamicflashv2.swf https://www.acnespecialisten.se/index.php
Redirect 301 /kontakt.aspx https://www.acnespecialisten.se/kontakt.php
Redirect 301 /acne.aspx https://www.acnespecialisten.se/acne.php
Redirect 301 /G%C3%B6teborg.aspx https://www.acnespecialisten.se/index.php
Redirect 301 /Göteborg.aspx https://www.acnespecialisten.se/index.php
Redirect 301 /milier.aspx https://www.acnespecialisten.se/milier.php
Redirect 301 /Sundbyberg.aspx https://www.acnespecialisten.se/index.php
Redirect 301 /por-rengoring.aspx https://www.acnespecialisten.se/porrengoring.php
Redirect 301 /hem.aspx https://www.acnespecialisten.se/index.php
Redirect 301 /.php https://www.acnespecialisten.se/index.php
Redirect 301 /default.aspx https://www.acnespecialisten.se/index.php
Redirect 301 /pigmentflackar-solskadad-hy.aspx https://www.acnespecialisten.se/solskadad-hy.php
Redirect 301 /Pigmentflackar.aspx https://www.acnespecialisten.se/pigmentflackar.php
Redirect 301 /valj-datum.aspx?salong=6&behandling=51 https://www.acnespecialisten.se/hudbehandlingar/index.php
Redirect 301 /valj-behandling.aspx?salong=19 https://www.acnespecialisten.se/hudbehandlingar/index.php
Redirect 301 /aldrande-hy-2.php https://www.acnespecialisten.se/aldrande-hy.php
Redirect 301 /blandhy-2.php https://www.acnespecialisten.se/blandhy.php
Redirect 301 /milier-2.php https://www.acnespecialisten.se/milier.php
Redirect 301 /pigmentflackar-2.php https://www.acnespecialisten.se/pigmentflackar.php
Redirect 301 /porig-hy-2.php https://www.acnespecialisten.se/pormaskar.php
Redirect 301 /rosacea-2.php https://www.acnespecialisten.se/rosacea.php
Redirect 301 /solskadad-hy-2.php https://www.acnespecialisten.se/solskadad-hy.php
Redirect 301 /torr-hy-2.php https://www.acnespecialisten.se/torr-hy.php
Redirect 301 /latt-acne.php https://www.acnespecialisten.se/acne.php
Redirect 301 /kanslig-rosacea.php https://www.acnespecialisten.se/rosacea.php
Redirect 301 /latt-rosacea.php https://www.acnespecialisten.se/rosacea.php
Redirect 301 /svar-rosacea.php https://www.acnespecialisten.se/rosacea.php
Redirect 301 /mycket-porig-hy.php https://www.acnespecialisten.se/pormaskar.php
Redirect 301 /latt-blandhy.php https://www.acnespecialisten.se/blandhy.php
Redirect 301 /mycket-torr-hy.php https://www.acnespecialisten.se/torr-hy.php
Redirect 301 /torr-eksem-hy.php https://www.acnespecialisten.se/torr-hy.php
Redirect 301 /mycket-fet-hy.php https://www.acnespecialisten.se/fet-hy.php
Redirect 301 /latt-seborre.php https://www.acnespecialisten.se/seborre.php
Redirect 301 /svar-seborre.php https://www.acnespecialisten.se/seborre.php
Redirect 301 /min-hudtyp.php https://www.acnespecialisten.se/hudproblem.php
Redirect 301 /akne.php https://www.acnespecialisten.se/acne.php
Redirect 301 /latt-rosacea.aspx https://www.acnespecialisten.se/rosacea.php
Redirect 301 /faq.aspx https://www.acnespecialisten.se/fragor-svar.php
Redirect 301 /faq.php https://www.acnespecialisten.se/fragor-svar.php
Redirect 301 /mycket-fet-hy.aspx https://www.acnespecialisten.se/fet-hy.php
Redirect 301 /Torr-kanslighy.aspx https://www.acnespecialisten.se/torr-hy.php
Redirect 301 /pigmetnflackar.php https://www.acnespecialisten.se/pigmentflackar.php
Redirect 301 /fore-och-efter-bilder-problemhy.php https://www.acnespecialisten.se/resultat.php
Redirect 301 /fore-och-efter-bilder-acne.php https://www.acnespecialisten.se/resultat-acne.php
Redirect 301 /fore-och-efter-bilder-rosacea.php https://www.acnespecialisten.se/resultat-rosacea.php
Redirect 301 /fore-och-efter-bilder-pormaskar.php https://www.acnespecialisten.se/resultat-pormaskar.php
Redirect 301 /fore-och-efter-bilder-blandhy.php https://www.acnespecialisten.se/resultat-blandhy.php
Redirect 301 /fore-och-efter-bilder-ytliga-blodkarl.php https://www.acnespecialisten.se/resultat-ytliga-blodkarl.php
Redirect 301 /fore-och-efter-bilder-acnearr.php https://www.acnespecialisten.se/resultat-acnearr.php
Redirect 301 /fore-och-efter-bilder-ovrig-problemhy.php https://www.acnespecialisten.se/resultat.php
Redirect 301 /om-acnespecialisten.php https://www.acnespecialisten.se/om-oss.php
Redirect 301 /vara-salonger.php https://www.acnespecialisten.se/om-oss.php
Redirect 301 /lp-boka.php https://www.acnespecialisten.se/hudbehandlingar/index.php
Redirect 301 /lp-gratis-hudkonsultation.php https://www.acnespecialisten.se/gratis-hudkonsultation.php
Redirect 301 /lp-aterbesok.php https://www.acnespecialisten.se/gratis-hudkonsultation.php
Redirect 301 /lp-porrengoring-ansikte.php https://www.acnespecialisten.se/porrengoring.php
Redirect 301 /lp-porrengoring-brost.php https://www.acnespecialisten.se/porrengoring.php
Redirect 301 /lp-porrengoring-rygg.php https://www.acnespecialisten.se/porrengoring.php
Redirect 301 /lp-acnebehandling-ansikte.php https://www.acnespecialisten.se/acnebehandling.php
Redirect 301 /lp-acnebehandling-brost.php https://www.acnespecialisten.se/acnebehandling.php
Redirect 301 /lp-acnebehandling-rygg.php https://www.acnespecialisten.se/acnebehandling.php
Redirect 301 /lp-rosaceabehandling.php https://www.acnespecialisten.se/rosaceabehandling.php
Redirect 301 /lp-milier-40.php https://www.acnespecialisten.se/milierbehandling.php
Redirect 301 /lp-milier-60.php https://www.acnespecialisten.se/milierbehandling.php
Redirect 301 /lp-acnearr-konsultation.php https://www.acnespecialisten.se/behandla-acnearr.php
Redirect 301 /lp-microdermabrasion.php https://www.acnespecialisten.se/microdermabrasion.php
Redirect 301 /lp-ansiktsbehandling-klassisk.php https://www.acnespecialisten.se/ansiktsbehandlingar.php
Redirect 301 /lp-ansiktsbehandling-xtra-fukt.php https://www.acnespecialisten.se/ansiktsbehandlingar.php
Redirect 301 /lp-ansiktsbehandling-vitamin-c.php https://www.acnespecialisten.se/ansiktsbehandlingar.php
Redirect 301 /lp-ansiktsbehandling-anti-age.php https://www.acnespecialisten.se/ansiktsbehandlingar.php
Redirect 301 /lp-ansiktsbehandling-plus.php https://www.acnespecialisten.se/ansiktsbehandlingar.php
Redirect 301 /lp-ansiktsbehandling-lyx.php https://www.acnespecialisten.se/ansiktsbehandlingar.php
Redirect 301 /lp-ipl-konsultation-pigmentflackar.php https://www.acnespecialisten.se/ipl-pigmentflackar.php
Redirect 301 /lp-ipl-pigmentflackar-1.php https://www.acnespecialisten.se/ipl-pigmentflackar.php
Redirect 301 /lp-ipl-pigmentflackar-ansikte.php https://www.acnespecialisten.se/ipl-pigmentflackar.php
Redirect 301 /lp-ipl-pigmentflackar-panna.php https://www.acnespecialisten.se/ipl-pigmentflackar.php
Redirect 301 /lp-ipl-pigmentflackar-hander.php https://www.acnespecialisten.se/ipl-pigmentflackar.php
Redirect 301 /lp-ipl-pigmentflackar-kinder.php https://www.acnespecialisten.se/ipl-pigmentflackar.php
Redirect 301 /lp-ipl-pigmentflackar-haka.php https://www.acnespecialisten.se/ipl-pigmentflackar.php
Redirect 301 /lp-ipl-pigmentflackar-haka-kinder.php https://www.acnespecialisten.se/ipl-pigmentflackar.php
Redirect 301 /lp-ipl-konsultation-ytliga-blodkarl.php https://www.acnespecialisten.se/ipl-ytliga-blodkarl.php
Redirect 301 /lp-ipl-ytliga-blodkarl-1.php https://www.acnespecialisten.se/ipl-ytliga-blodkarl.php
Redirect 301 /lp-ipl-ytliga-blodkarl-ansikte.php https://www.acnespecialisten.se/ipl-ytliga-blodkarl.php
Redirect 301 /lp-ipl-ytliga-blodkarl-panna.php https://www.acnespecialisten.se/ipl-ytliga-blodkarl.php
Redirect 301 /lp-ipl-ytliga-blodkarl-kinder.php https://www.acnespecialisten.se/ipl-ytliga-blodkarl.php
Redirect 301 /lp-ipl-ytliga-blodkarl-nasa.php https://www.acnespecialisten.se/ipl-ytliga-blodkarl.php
Redirect 301 /lp-ipl-ytliga-blodkarl-haka.php https://www.acnespecialisten.se/ipl-ytliga-blodkarl.php
Redirect 301 /lp-ipl-ytliga-blodkarl-kinder-haka.php https://www.acnespecialisten.se/ipl-ytliga-blodkarl.php
Redirect 301 /salicylic.php https://www.acnespecialisten.se/kemisk-peeling.php
Redirect 301 /lactic.php https://www.acnespecialisten.se/kemisk-peeling.php
Redirect 301 /glycolic.php https://www.acnespecialisten.se/kemisk-peeling.php
Redirect 301 /fruit-acid.php https://www.acnespecialisten.se/kemisk-peeling.php
Redirect 301 /kojic.php https://www.acnespecialisten.se/kemisk-peeling.php
Redirect 301 /jessners.php https://www.acnespecialisten.se/kemisk-peeling.php
Redirect 301 /lp-kemisk-peeling-konsultation.php https://www.acnespecialisten.se/kemisk-peeling.php
Redirect 301 /lp-kemisk-peeling-salicylic.php https://www.acnespecialisten.se/kemisk-peeling.php
Redirect 301 /lp-kemisk-peeling-lactic.php https://www.acnespecialisten.se/kemisk-peeling.php
Redirect 301 /lp-kemisk-peeling-glycolic.php https://www.acnespecialisten.se/kemisk-peeling.php
Redirect 301 /lp-kemisk-peeling-fruit-acid.php https://www.acnespecialisten.se/kemisk-peeling.php
Redirect 301 /lp-kemisk-peeling-kojic.php https://www.acnespecialisten.se/kemisk-peeling.php
Redirect 301 /lp-kemisk-peeling-jessners.php https://www.acnespecialisten.se/kemisk-peeling.php
Redirect 301 /lp-cryopen-konsultation.php https://www.acnespecialisten.se/cryopen.php
Redirect 301 /lp-cryopen-1-3.php https://www.acnespecialisten.se/cryopen.php
Redirect 301 /lp-cryopen-4-6.php https://www.acnespecialisten.se/cryopen.php
Redirect 301 /lp-cryopen-7-10.php https://www.acnespecialisten.se/cryopen.php
Redirect 301 /elos-skintightening.html https://www.acnespecialisten.se/alma-hybrid-co2-laser.php
Redirect 301 /hudforbattring.html https://www.acnespecialisten.se/alma-hybrid-co2-laser.php
Redirect 301 /specialbehandlingar.html https://www.acnespecialisten.se/hudbehandlingar/index.php
Redirect 301 /permanent-harborttagning.html https://www.acnespecialisten.se/permanent-harborttagning.php
Redirect 301 /aldrande-hy.php https://www.acnespecialisten.se/mogen-hy.php
Redirect 301 /lp-microneedling https://www.acnespecialisten.se/microneedling.php
Redirect 301 /lp-microneedling.php https://www.acnespecialisten.se/microneedling.php
Redirect 301 /välj-salongs.aspx https://www.acnespecialisten.se/kontakt.php
Redirect 301 /valj-salong.aspx https://www.acnespecialisten.se/kontakt.php
Redirect 301 /acne-panna.php https://www.acnespecialisten.se/acne-ansikte.php
Redirect 301 /acne-haka.php https://www.acnespecialisten.se/acne-ansikte.php
Redirect 301 /acne-kaklinje.php https://www.acnespecialisten.se/acne-ansikte.php
Redirect 301 /acne-kinder.php https://www.acnespecialisten.se/acne-ansikte.php
Redirect 301 /acne-nasa.php https://www.acnespecialisten.se/acne-ansikte.php
Redirect 301 /maskne.php https://www.acnespecialisten.se/acne-ansikte.php
Redirect 301 /backne.php https://www.acnespecialisten.se/acne-rygg.php
Redirect 301 /acne-axlar.php https://www.acnespecialisten.se/acne-rygg.php
Redirect 301 /acnearr-ansikte.php https://www.acnespecialisten.se/acnearr.php
Redirect 301 /acnearr-rygg.php https://www.acnespecialisten.se/acnearr.php
Redirect 301 /acnearr-axlar.php https://www.acnespecialisten.se/acnearr.php
Redirect 301 /yttorr-hy.php https://www.acnespecialisten.se/oljig-hy.php
Redirect 301 /dermapen4.php https://www.acnespecialisten.se/dermapen.php
Redirect 301 /dermapen-pormaskar.php https://www.acnespecialisten.se/dermapen-stora-porer.php
Redirect 301 /microneedling-pormaskar.php https://www.acnespecialisten.se/microneedling-stora-porer.php
Redirect 301 /finnar-axlar.php https://www.acnespecialisten.se/finnar-rygg.php
Redirect 301 /finnar-panna.php https://www.acnespecialisten.se/finnar-ansikte.php
Redirect 301 /finnar-kaklinje.php https://www.acnespecialisten.se/finnar-ansikte.php
Redirect 301 /finnar-haka.php https://www.acnespecialisten.se/finnar-ansikte.php
Redirect 301 /finnar-kinder.php https://www.acnespecialisten.se/finnar-ansikte.php
Redirect 301 /finnar-mun.php https://www.acnespecialisten.se/finnar-ansikte.php
Redirect 301 /finnar-nasa.php https://www.acnespecialisten.se/finnar-ansikte.php
Redirect 301 /forstorade-porer.php https://www.acnespecialisten.se/stora-porer.php
Redirect 301 /behandla-forstorade-porer.php https://www.acnespecialisten.se/behandla-stora-porer.php
Redirect 301 /resultat-forstorade-porer.php https://www.acnespecialisten.se/resultat-stora-porer.php
Redirect 301 /stora-porer-nasa.php https://www.acnespecialisten.se/stora-porer.php
Redirect 301 /stora-porer-panna.php https://www.acnespecialisten.se/stora-porer.php
Redirect 301 /stora-porer-kinder.php https://www.acnespecialisten.se/stora-porer.php
Redirect 301 /stora-porer-oron.php https://www.acnespecialisten.se/stora-porer.php
Redirect 301 /stora-porer-haka.php https://www.acnespecialisten.se/stora-porer.php
Redirect 301 /stora-porer-brostet.php https://www.acnespecialisten.se/stora-porer.php
Redirect 301 /stora-porer-ryggen.php https://www.acnespecialisten.se/stora-porer.php
Redirect 301 /stora-porer-ansikte.php https://www.acnespecialisten.se/stora-porer.php
Redirect 301 /stora-porer-brost.php https://www.acnespecialisten.se/stora-porer.php
Redirect 301 /stora-porer-rygg.php https://www.acnespecialisten.se/stora-porer.php
Redirect 301 /pormaskar-panna.php https://www.acnespecialisten.se/pormaskar.php
Redirect 301 /pormaskar-oron.php https://www.acnespecialisten.se/pormaskar.php
Redirect 301 /pormaskar-nasa.php https://www.acnespecialisten.se/pormaskar.php
Redirect 301 /pormaskar-haka.php https://www.acnespecialisten.se/pormaskar.php
Redirect 301 /pormaskar-kinder.php https://www.acnespecialisten.se/pormaskar.php
Redirect 301 /pormaskar-ansikte.php https://www.acnespecialisten.se/pormaskar.php
Redirect 301 /pormaskar-brost.php https://www.acnespecialisten.se/pormaskar.php
Redirect 301 /nodulocystisk-acne.php https://www.acnespecialisten.se/cystisk-acne.php
Redirect 301 /covid-19.php https://www.acnespecialisten.se/index.php
Redirect 301 /gratis-ipl.php https://www.acnespecialisten.se/hudbehandlingar/ipl/index.php
Redirect 301 /utbildningsdag.php https://www.acnespecialisten.se/index.php
Redirect 301 /ipl-rosacea https://www.acnespecialisten.se/ipl-rosacea.php
Redirect 301 /acne-gravid.php https://www.acnespecialisten.se/hormonell-acne.php
Redirect 301 /hormon-finnar.php https://www.acnespecialisten.se/hormonell-acne.php
Redirect 301 /gula-finnar.php https://www.acnespecialisten.se/finnar.php
Redirect 301 /behandla-atrofiska-arr.php https://www.acnespecialisten.se/atrofiska-arr.php
Redirect 301 /behandla-postinflammatorisk-hyperpigmentering.php https://www.acnespecialisten.se/postinflammatorisk-hyperpigmentering.php
Redirect 301 /microneedling-finnar.php https://www.acnespecialisten.se/microneedling-acne.php
Redirect 301 /strandvagen.php https://www.acnespecialisten.se/kontakt.php
Redirect 301 /sunscreen.php https://www.acnespecialisten.se/ordlista.php
Redirect 301 /rekrytering.php https://www.acnespecialisten.se/karriar.php
Redirect 301 /jobb.php https://www.acnespecialisten.se/karriar.php
Redirect 301 /ipl.php https://www.acnespecialisten.se/hudbehandlingar/ipl/index.php
Redirect 301 /jobba.php https://www.acnespecialisten.se/jobb.php
Redirect 301 /hydrafacial.html https://www.acnespecialisten.se/hydrafacial.php
Redirect 301 /microneedling.html https://www.acnespecialisten.se/microneedling.php
Redirect 301 /micro-dermabrasion.html https://www.acnespecialisten.se/microdermabrasion.php
Redirect 301 /photonova-permanent-harborttagning.html https://www.acnespecialisten.se/permanent-harborttagning.php
Redirect 301 /photonova.html https://www.acnespecialisten.se/varumarken/powerlite-photonova/index.php
Redirect 301 /ipl-behandlingar.aspx https://www.acnespecialisten.se/hudbehandlingar/ipl/index.php
Redirect 301 /ytliga-blodkarl.aspx https://www.acnespecialisten.se/ytliga-blodkarl.php
Redirect 301 /boka-direkt.aspx https://www.acnespecialisten.se/hudbehandlingar/index.php
Redirect 301 /elos-ipl.html https://www.acnespecialisten.se/hudbehandlingar/ipl/index.php
Redirect 301 /elos-ipl-media.aspx https://www.acnespecialisten.se/hudbehandlingar/ipl/index.php
Redirect 301 /elos-pigmentflackar.html https://www.acnespecialisten.se/ipl-pigmentflackar.php
Redirect 301 /elos-ytliga-blodkarl.html https://www.acnespecialisten.se/ipl-ytliga-blodkarl.php
Redirect 301 /om-elos-ipl.aspx https://www.acnespecialisten.se/hudbehandlingar/ipl/index.php
Redirect 301 /elos-ipl.aspx https://www.acnespecialisten.se/hudbehandlingar/ipl/index.php
Redirect 301 /rynkreducering.html https://www.acnespecialisten.se/infuzion.php
Redirect 301 /kliniska/skintightening1.pdf https://www.acnespecialisten.se/alma-hybrid-co2-laser.php
Redirect 301 /kliniska/elos-teknologi-studie-1.pdf https://www.acnespecialisten.se/hudbehandlingar/ipl/index.php
Redirect 301 /kliniska/elos-teknologi-studie-2.pdf https://www.acnespecialisten.se/hudbehandlingar/ipl/index.php
Redirect 301 /kliniska/elos-teknologi-studie-3.pdf https://www.acnespecialisten.se/hudbehandlingar/ipl/index.php
Redirect 301 /kliniska/elos-teknologi-studie-4.pdf https://www.acnespecialisten.se/hudbehandlingar/ipl/index.php
Redirect 301 /kliniska/elos-teknologi-studie-5.pdf https://www.acnespecialisten.se/hudbehandlingar/ipl/index.php
Redirect 301 /kliniska/acne1.pdf https://www.acnespecialisten.se/acne.php
Redirect 301 /kliniska/acne2.pdf https://www.acnespecialisten.se/acne.php
Redirect 301 /kliniska/acne3.pdf https://www.acnespecialisten.se/acne.php
Redirect 301 /peelingbehandlingar.html https://www.acnespecialisten.se/kemisk-peeling.php
Redirect 301 /Peeling.aspx https://www.acnespecialisten.se/kemisk-peeling.php
Redirect 301 /kliniska/vaskulara1.pdf https://www.acnespecialisten.se/ytliga-blodkarl.php
Redirect 301 /kliniska/vaskulara2.pdf https://www.acnespecialisten.se/ytliga-blodkarl.php
Redirect 301 /kliniska/vaskulara3.pdf https://www.acnespecialisten.se/ytliga-blodkarl.php
Redirect 301 /kliniska/vaskulara4.pdf https://www.acnespecialisten.se/ytliga-blodkarl.php
Redirect 301 /kliniska/harborttagning1.pdf https://www.acnespecialisten.se/permanent-harborttagning.php
Redirect 301 /kliniska/harborttagning2.pdf https://www.acnespecialisten.se/permanent-harborttagning.php
Redirect 301 /kliniska/harborttagning3.pdf https://www.acnespecialisten.se/permanent-harborttagning.php
Redirect 301 /kliniska/harborttagning4.pdf https://www.acnespecialisten.se/permanent-harborttagning.php
Redirect 301 /kliniska/harborttagning5.pdf https://www.acnespecialisten.se/permanent-harborttagning.php
Redirect 301 /kliniska/harborttagning6.pdf https://www.acnespecialisten.se/permanent-harborttagning.php
Redirect 301 /kliniska/harborttagning7.pdf https://www.acnespecialisten.se/permanent-harborttagning.php
Redirect 301 /kliniska/harborttagning8.pdf https://www.acnespecialisten.se/permanent-harborttagning.php
Redirect 301 /kliniska/rynkreducering1.pdf https://www.acnespecialisten.se/infuzion.php
Redirect 301 /kliniska/rynkreducering2.pdf https://www.acnespecialisten.se/infuzion.php
Redirect 301 /kliniska/rynkreducering3.pdf https://www.acnespecialisten.se/infuzion.php
Redirect 301 /kliniska/rynkreducering4.pdf https://www.acnespecialisten.se/infuzion.php
Redirect 301 /kliniska/rynkreducering5.pdf https://www.acnespecialisten.se/infuzion.php
Redirect 301 /kliniska/hudforbattring1.pdf https://www.acnespecialisten.se/infuzion.php
Redirect 301 /kliniska/hudforbattring2.pdf https://www.acnespecialisten.se/infuzion.php
Redirect 301 /kliniska/hudforbattring3.pdf https://www.acnespecialisten.se/infuzion.php
Redirect 301 /kliniska/hudforbattring4.pdf https://www.acnespecialisten.se/infuzion.php
Redirect 301 /vaxning.html https://www.acnespecialisten.se/permanent-harborttagning.php
Redirect 301 /behandlingsrutiner/aldrande-hy.pdf https://www.acnespecialisten.se/mogen-hy.php
Redirect 301 /fotvard.html https://www.acnespecialisten.se/hudbehandlingar/index.php
Redirect 301 /fransar-bryn.html https://www.sverigesskonhetscenter.se/fransar-bryn.php
Redirect 301 /massage.html https://www.sverigesskonhetscenter.se/massage.php
Redirect 301 /thermaskin.html https://www.sverigesskonhetscenter.se/therma-skin.php
Redirect 301 /behandlingsrutiner-latt-acne.php https://www.dahlskincare.com/sv/behandlingsrutiner/br-akne.php
Redirect 301 /kosmetisk-tatuering.php https://www.sverigesskonhetscenter.se/kosmetisk-tatuering.php
Redirect 301 /behandlingsrutiner/kanslig-torr-hy.pdf https://www.dahlskincare.com/sv/behandlingsrutiner/br-kanslig-torr-hy.php
Redirect 301 /behandlingsrutiner/torr-eksem-hy.pdf https://www.dahlskincare.com/sv/behandlingsrutiner/br-torr-eksemhy.php
Redirect 301 /behandlingsrutiner/mycket-porig-hy.pdf https://www.dahlskincare.com/sv/behandlingsrutiner/br-mycket-pormaskar.php
Redirect 301 /behandlingsrutiner/svar-seborre.pdf https://www.dahlskincare.com/sv/behandlingsrutiner/br-seborre.php
Redirect 301 /behandlingsrutiner/Svar-acne.pdf https://www.dahlskincare.com/sv/behandlingsrutiner/br-svar-akne.php
Redirect 301 /behandlingsrutiner/latt-rosacea.pdf https://www.dahlskincare.com/sv/behandlingsrutiner/br-latt-rosacea.php
Redirect 301 /behandlingsrutiner/porig-hy.pdf https://www.dahlskincare.com/sv/behandlingsrutiner/br-pormaskar.php
Redirect 301 /behandlingsrutiner/kanslig-rosacea.pdf https://www.dahlskincare.com/sv/behandlingsrutiner/br-kanslig-rosacea.php
Redirect 301 /behandlingsrutiner/seborroiskt-eksem.pdf https://www.dahlskincare.com/sv/behandlingsrutiner/br-seborroiskt-eksem.php
Redirect 301 /behandlingsrutiner/mycket-torr-hy.pdf https://www.dahlskincare.com/sv/behandlingsrutiner/br-mycket-torr-hy.php
Redirect 301 /behandlingsrutiner/pigmentflackar.pdf https://www.dahlskincare.com/sv/behandlingsrutiner/br-pigmentflackar.php
Redirect 301 /behandlingsrutiner/mycket-fet-hy.pdf https://www.dahlskincare.com/sv/behandlingsrutiner/br-mycket-fet-hy.php
Redirect 301 /behandlingsrutiner/kanslig-fet-hy.pdf https://www.dahlskincare.com/sv/behandlingsrutiner/br-kanslig-fet-hy.php
Redirect 301 /behandlingsrutiner/svar-rosacea.pdf https://www.dahlskincare.com/sv/behandlingsrutiner/br-svar-rosacea.php
Redirect 301 /behandlingsrutiner/solskadad-hy.pdf https://www.dahlskincare.com/sv/behandlingsrutiner/br-solskadad-hy.php
Redirect 301 /behandlingsrutiner/latt-seborre.pdf https://www.dahlskincare.com/sv/behandlingsrutiner/br-latt-seborre.php
Redirect 301 /behandlingsrutiner/latt-blandhy.pdf https://www.dahlskincare.com/sv/behandlingsrutiner/br-latt-blandhy.php
Redirect 301 /behandlingsrutiner/blandhy.pdf https://www.dahlskincare.com/sv/behandlingsrutiner/br-blandhy.php
Redirect 301 /behandlingsrutiner/torr-hy.pdf https://www.dahlskincare.com/sv/behandlingsrutiner/br-torr-hy.php
Redirect 301 /behandlingsrutiner/rosacea.pdf https://www.dahlskincare.com/sv/behandlingsrutiner/br-rosacea.php
Redirect 301 /behandlingsrutiner/latt-acne.pdf https://www.dahlskincare.com/sv/behandlingsrutiner/br-akne.php
Redirect 301 /behandlingsrutiner/milier.pdf https://www.dahlskincare.com/sv/behandlingsrutiner/br-milier.php
Redirect 301 /behandlingsrutiner/fet-hy.pdf https://www.dahlskincare.com/sv/behandlingsrutiner/br-fet-hy.php
Redirect 301 /behandlingar.php https://www.acnespecialisten.se/hudbehandlingar/index.php
Redirect 301 /oljig-hy.php https://www.acnespecialisten.se/fet-hy.php
Redirect 301 /behandla-atrofiska-arr.php https://www.acnespecialisten.se/atrofiska-arr.php
Redirect 301 /behandla-postinflammatorisk-hyperpigmentering.php https://www.acnespecialisten.se/postinflammatorisk-hyperpigmentering.php
Redirect 301 /dermapen-acnearr.php https://www.acnespecialisten.se/microneedling-acnearr.php
Redirect 301 /dermapen-finnar.php https://www.acnespecialisten.se/microneedling-acne.php
Redirect 301 /microneedling-finnar.php https://www.acnespecialisten.se/microneedling-acne.php
Redirect 301 /tonarsfinnar.php https://www.acnespecialisten.se/tonarsacne.php
Redirect 301 /vuxenfinnar.php https://www.acnespecialisten.se/vuxenacne.php
Redirect 301 /resultat-finnar.php https://www.acnespecialisten.se/resultat-acne.php
Redirect 301 /pormaskar-brost.php https://www.acnespecialisten.se/pormaskar.php
Redirect 301 /resultat-dermapen-acnearr.php https://www.acnespecialisten.se/resultat-acnearr.php
Redirect 301 /resultat-micrneedling-acnearr.php https://www.acnespecialisten.se/resultat-acnearr.php
Redirect 301 /dermapen-acne.php https://www.acnespecialisten.se/microneedling-acne.php
Redirect 301 /dermapen-acnearr.php https://www.acnespecialisten.se/microneedling-acnearr.php
Redirect 301 /dermapen-stora-porer.php https://www.acnespecialisten.se/microneedling-stora-porer.php
Redirect 301 /cookies.php https://www.acnespecialisten.se/index.php
Redirect 301 /resultat-microneedling.php https://www.acnespecialisten.se/microneedling.php
Redirect 301 resultat-dermapen.php https://www.acnespecialisten.se/dermapen.php
Redirect 301 /hudbehandlingar/ansiktsbehandlingar-klassiska/hudterapeutens-val/ https://www.acnespecialisten.se/hudbehandlingar/ansiktsbehandling/hudterapeutens-val/
Redirect 301 /inflammerad-akne.php https://www.acnespecialisten.se/inflammation-acne.php
Redirect 301 /varumarken/alma/ https://www.acnespecialisten.se/alma-harmony-xl-pro.php
Redirect 301 /specialists/ https://www.acnespecialisten.se/hudterapeut/
Redirect 301 /behandlingar/ https://www.acnespecialisten.se/hudbehandlingar/
Redirect 301 /behandlingar/ansiktsbehandlingar-problemhy/akne/ https://www.acnespecialisten.se/problemhy.php
Redirect 301 /problem/aknearr/ https://www.acnespecialisten.se/acnearr.php
Redirect 301 /behandlingar/microneedling/ https://www.acnespecialisten.se/microneedling.php
Redirect 301 /resultat-blandhy.php https://www.acnespecialisten.se/blandhy.php
Redirect 301 /resultat-microneedling-acnearr.php https://www.acnespecialisten.se/resultat-acnearr.php

# If not caught by any rule above, rewrite to .php if filename is missing and it ends with “.html”
RewriteCond %{REQUEST_FILENAME} !-f
RewriteCond %{REQUEST_FILENAME} !-d
RewriteRule (.*)\.html$ $1.php [R=301,L]

# Set default 404 page
ErrorDocument 404 /not-found.php

# Set cache control header
<IfModule mod_headers.c>
    <FilesMatch "\.(php)$">
        Header set Cache-Control "max-age=86400, public"
    </FilesMatch>
    <FilesMatch "\.(woff2|woff|ttf|otf)$">
        Header set Cache-Control "max-age=31536000, public"
    </FilesMatch>
    <FilesMatch "\.(css|js|webp|jpg|jpeg|png|svg|mp4|webm|pdf)$">
        Header set Cache-Control "max-age=31536000, public"
    </FilesMatch>
</IfModule>